ticker,model,period,horizon,sharpe,accuracy,total_return,max_drawdown,win_rate,num_trades
AAPL,xgb,2y,1,0,0,0.2667277549177185,0,0,0
AAPL,xgb,2y,3,0,0,0.8973220760943237,0,0,0
AAPL,xgb,2y,5,0,0,2.017984768859406,0,0,0
AAPL,xgb,5y,1,0,0,0.2667277549177183,0,0,0
AAPL,xgb,5y,3,0,0,0.8973220760943217,0,0,0
AAPL,xgb,5y,5,0,0,2.017985207647184,0,0,0
AAPL,rf,2y,1,0,0,-0.10066197033830537,0,0,0
AAPL,rf,2y,3,0,0,-0.029886368818943687,0,0,0
AAPL,rf,2y,5,0,0,-0.08330602102736318,0,0,0
AAPL,rf,5y,1,0,0,-0.07794044509649378,0,0,0
AAPL,rf,5y,3,0,0,0.3527982350465113,0,0,0
AAPL,rf,5y,5,0,0,0.2628920634530718,0,0,0
AAPL,ensemble,2y,1,0,0,0.2667277549177185,0,0,0
AAPL,ensemble,2y,3,0,0,0.8973220760943237,0,0,0
AAPL,ensemble,2y,5,0,0,2.017984768859406,0,0,0
AAPL,ensemble,5y,1,0,0,0.2667277549177183,0,0,0
AAPL,ensemble,5y,3,0,0,0.8973220760943217,0,0,0
AAPL,ensemble,5y,5,0,0,2.017985207647184,0,0,0
MSFT,xgb,2y,1,0,0,0.10643486473033303,0,0,0
MSFT,xgb,2y,3,0,0,0.5374703376780328,0,0,0
MSFT,xgb,2y,5,0,0,1.281247930672953,0,0,0
MSFT,xgb,5y,1,0,0,0.10643486473033326,0,0,0
MSFT,xgb,5y,3,0,0,0.5374704570748552,0,0,0
MSFT,xgb,5y,5,0,0,1.2812481077497586,0,0,0
MSFT,rf,2y,1,0,0,-0.15460990896871563,0,0,0
MSFT,rf,2y,3,0,0,-0.1829324511875703,0,0,0
MSFT,rf,2y,5,0,0,0.13169306686804005,0,0,0
MSFT,rf,5y,1,0,0,-0.0452478706571543,0,0,0
MSFT,rf,5y,3,0,0,-0.10066656827429443,0,0,0
MSFT,rf,5y,5,0,0,-0.6012517933684776,0,0,0
MSFT,ensemble,2y,1,0,0,0.10643486473033303,0,0,0
MSFT,ensemble,2y,3,0,0,0.5374703376780328,0,0,0
MSFT,ensemble,2y,5,0,0,1.281247930672953,0,0,0
MSFT,ensemble,5y,1,0,0,0.10643486473033326,0,0,0
MSFT,ensemble,5y,3,0,0,0.5374704570748552,0,0,0
MSFT,ensemble,5y,5,0,0,1.2812481077497586,0,0,0
NVDA,xgb,2y,1,0,0,0.6139785899480958,0,0,0
NVDA,xgb,2y,3,0,0,3.647671647959351,0,0,0
NVDA,xgb,2y,5,0,0,0.10847532833972684,0,0,0
NVDA,xgb,5y,1,0,0,0.6139785898936432,0,0,0
NVDA,xgb,5y,3,0,0,3.6476716478101894,0,0,0
NVDA,xgb,5y,5,0,0,11.133707576581122,0,0,0
NVDA,rf,2y,1,0,0,0.10120246350098827,0,0,0
NVDA,rf,2y,3,0,0,-0.39677445624454644,0,0,0
NVDA,rf,2y,5,0,0,-0.46990439378151516,0,0,0
NVDA,rf,5y,1,0,0,-0.14091839237743797,0,0,0
NVDA,rf,5y,3,0,0,-0.37148229823800527,0,0,0
NVDA,rf,5y,5,0,0,-0.7592101840849071,0,0,0
NVDA,ensemble,2y,1,0,0,0.6139785899480958,0,0,0
NVDA,ensemble,2y,3,0,0,3.647671647959351,0,0,0
NVDA,ensemble,2y,5,0,0,3.7637472652705313,0,0,0
NVDA,ensemble,5y,1,0,0,0.6139785898936432,0,0,0
NVDA,ensemble,5y,3,0,0,3.6476716478101894,0,0,0
NVDA,ensemble,5y,5,0,0,8.0815793333729,0,0,0
GOOGL,xgb,2y,1,0,0,1.0076376107525995,0,0,0
GOOGL,xgb,2y,3,0,0,7.258526645224981,0,0,0
GOOGL,xgb,2y,5,0,0,31.12159861130116,0,0,0
GOOGL,xgb,5y,1,0,0,1.0076376108460794,0,0,0
GOOGL,xgb,5y,3,0,0,7.258527429001607,0,0,0
GOOGL,xgb,5y,5,0,0,31.121598598177933,0,0,0
GOOGL,rf,2y,1,0,0,0.14499719286695556,0,0,0
GOOGL,rf,2y,3,0,0,-0.7131046983686298,0,0,0
GOOGL,rf,2y,5,0,0,-0.8846577908840711,0,0,0
GOOGL,rf,5y,1,0,0,-0.1027983321242334,0,0,0
GOOGL,rf,5y,3,0,0,-0.5877341016096826,0,0,0
GOOGL,rf,5y,5,0,0,-0.9757319515227028,0,0,0
GOOGL,ensemble,2y,1,0,0,1.0076376107525995,0,0,0
GOOGL,ensemble,2y,3,0,0,7.258526645224981,0,0,0
GOOGL,ensemble,2y,5,0,0,31.12159861130116,0,0,0
GOOGL,ensemble,5y,1,0,0,1.0076376108460794,0,0,0
GOOGL,ensemble,5y,3,0,0,7.258527429001607,0,0,0
GOOGL,ensemble,5y,5,0,0,31.121598598177933,0,0,0
AMZN,xgb,2y,1,0,0,0.30147337104764427,0,0,0
AMZN,xgb,2y,3,0,0,1.2074711336682058,0,0,0
AMZN,xgb,2y,5,0,0,2.5240262831248663,0,0,0
AMZN,xgb,5y,1,0,0,0.30147337104764427,0,0,0
AMZN,xgb,5y,3,0,0,1.2074711336682058,0,0,0
AMZN,xgb,5y,5,0,0,2.5240262831248663,0,0,0
AMZN,rf,2y,1,0,0,-0.02000356816874893,0,0,0
AMZN,rf,2y,3,0,0,-0.2805163390706924,0,0,0
AMZN,rf,2y,5,0,0,-0.4884269921772819,0,0,0
AMZN,rf,5y,1,0,0,-0.15891107120407666,0,0,0
AMZN,rf,5y,3,0,0,-0.6753852054572853,0,0,0
AMZN,rf,5y,5,0,0,-0.7288695956906397,0,0,0
AMZN,ensemble,2y,1,0,0,0.30147337104764427,0,0,0
AMZN,ensemble,2y,3,0,0,1.2074711336682058,0,0,0
AMZN,ensemble,2y,5,0,0,2.5240262831248663,0,0,0
AMZN,ensemble,5y,1,0,0,0.30147337104764427,0,0,0
AMZN,ensemble,5y,3,0,0,1.2074711336682058,0,0,0
AMZN,ensemble,5y,5,0,0,2.5240262831248663,0,0,0
