ticker,config,avg_sharpe,std_sharpe,avg_accuracy,avg_return,avg_max_dd,positive_folds,total_folds,consistency
GOOGL,XGB_Baseline,0.7789817655672936,1.3434842850305269,0.5285714285714286,0.09109892745712649,-0.17011600439988106,4,5,0.8
GOOGL,XGB + StandardScaler,0.9813180596115825,1.5472260221157674,0.5238095238095238,0.1307041108560381,-0.1689787417936422,3,5,0.6
GOOGL,XGB + ElasticNet Prefilter,0.9813180596115825,1.5472260221157674,0.5238095238095238,0.1307041108560381,-0.1689787417936422,3,5,0.6
GOOGL,XGB + Adaptive LR,0.9842084718808639,1.4259713789949144,0.5190476190476191,0.1303977134442758,-0.18226983084782722,3,5,0.6
GOOGL,XGB + All Enhancements,0.9842084718808639,1.4259713789949144,0.5190476190476191,0.1303977134442758,-0.18226983084782722,3,5,0.6
GOOGL,RF_Baseline,0.8259485758673396,1.8720119441663128,0.5396825396825398,0.1539100012210207,-0.21187693369426244,4,5,0.8
GOOGL,RF + ElasticNet + Scaler,0.8531816046209972,1.9442502338919452,0.5396825396825398,0.1699612126686989,-0.20047980204411267,4,5,0.8
SPY,XGB_Baseline,1.1625125398568887,1.1230217337468515,0.5174603174603174,0.07142602753905243,-0.09860055232309267,4,5,0.8
SPY,XGB + StandardScaler,0.9272663880327047,1.4853384758211545,0.5142857142857142,0.04602812379228773,-0.11337425648806602,4,5,0.8
SPY,XGB + ElasticNet Prefilter,0.9272663880327047,1.4853384758211545,0.5142857142857142,0.04602812379228773,-0.11337425648806602,4,5,0.8
SPY,XGB + Adaptive LR,0.9272663880327047,1.4853384758211545,0.5142857142857142,0.04602812379228773,-0.11337425648806602,4,5,0.8
SPY,XGB + All Enhancements,0.9272663880327047,1.4853384758211545,0.5142857142857142,0.04602812379228773,-0.11337425648806602,4,5,0.8
SPY,RF_Baseline,1.5511183343140407,1.3780815733115592,0.5555555555555556,0.11414676131313464,-0.07693196088426017,4,5,0.8
SPY,RF + ElasticNet + Scaler,1.5481858720091317,1.3427302672526882,0.5555555555555556,0.11301718934089397,-0.07674343587998697,4,5,0.8
QQQ,XGB_Baseline,0.6170839276413682,1.776782944294564,0.5158730158730158,0.03415738201596334,-0.1817532111132548,4,5,0.8
QQQ,XGB + StandardScaler,0.5924454327382043,1.6936213644786444,0.5142857142857142,0.028392544928349705,-0.17345156755395533,3,5,0.6
QQQ,XGB + ElasticNet Prefilter,0.5924454327382043,1.6936213644786444,0.5142857142857142,0.028392544928349705,-0.17345156755395533,3,5,0.6
QQQ,XGB + Adaptive LR,0.5924454327382043,1.6936213644786444,0.5142857142857142,0.028392544928349705,-0.17345156755395533,3,5,0.6
QQQ,XGB + All Enhancements,0.5924454327382043,1.6936213644786444,0.5142857142857142,0.028392544928349705,-0.17345156755395533,3,5,0.6
QQQ,RF_Baseline,0.3881397350297958,0.7518734598444594,0.5158730158730159,0.025508262560377727,-0.16849740356279755,3,5,0.6
QQQ,RF + ElasticNet + Scaler,0.48424213970492513,1.0122459522101643,0.5142857142857142,0.04436640037044959,-0.15966642892740435,3,5,0.6
NVDA,XGB_Baseline,1.5867656405346318,1.726600699308432,0.534920634920635,0.5483185040573275,-0.23331796996681975,4,5,0.8
NVDA,XGB + StandardScaler,1.7151958528239397,1.755536398158559,0.5365079365079366,0.5887490065896654,-0.24035560560706584,4,5,0.8
NVDA,XGB + ElasticNet Prefilter,1.7151958528239397,1.755536398158559,0.5365079365079366,0.5887490065896654,-0.24035560560706584,4,5,0.8
NVDA,XGB + Adaptive LR,1.3589202276975034,1.7490151634248579,0.5253968253968255,0.4652467452549699,-0.2873510331949551,4,5,0.8
NVDA,XGB + All Enhancements,1.3589202276975034,1.7490151634248579,0.5253968253968255,0.4652467452549699,-0.2873510331949551,4,5,0.8
NVDA,RF_Baseline,-0.28904737710987377,0.6571519635517487,0.4936507936507937,-0.14135122094695005,-0.37775181819971165,2,5,0.4
NVDA,RF + ElasticNet + Scaler,-0.3525630765346011,0.6712498425871081,0.4936507936507937,-0.15316149763914425,-0.3803147410514576,2,5,0.4
SLV,XGB_Baseline,0.4696304778981532,1.2147783288593832,0.49523809523809526,0.08377826284749264,-0.17476483900239703,3,5,0.6
SLV,XGB + StandardScaler,0.10977387809072692,1.3090780471261154,0.48888888888888893,0.035934284951656695,-0.18626466754400414,3,5,0.6
SLV,XGB + ElasticNet Prefilter,0.10977387809072692,1.3090780471261154,0.48888888888888893,0.035934284951656695,-0.18626466754400414,3,5,0.6
SLV,XGB + Adaptive LR,-0.04650661055615526,1.1743373654045486,0.48730158730158724,0.008388755346504694,-0.18783028496996831,3,5,0.6
SLV,XGB + All Enhancements,-0.04650661055615526,1.1743373654045486,0.48730158730158724,0.008388755346504694,-0.18783028496996831,3,5,0.6
SLV,RF_Baseline,0.5022390419459405,0.8253695059858317,0.5158730158730159,0.07060348789111541,-0.1555654397027385,4,5,0.8
SLV,RF + ElasticNet + Scaler,0.058955231015455176,1.1315855480248291,0.49523809523809526,0.016758772408507806,-0.18020662203792942,3,5,0.6
AMD,XGB_Baseline,-0.2312962314023026,0.754267710985966,0.49682539682539684,-0.12232906522106002,-0.37921456157633143,2,5,0.4
AMD,XGB + StandardScaler,-0.37461430028895776,0.6363822420024199,0.49523809523809526,-0.15064338532490212,-0.3721072480851406,2,5,0.4
AMD,XGB + ElasticNet Prefilter,-0.37461430028895776,0.6363822420024199,0.49523809523809526,-0.15064338532490212,-0.3721072480851406,2,5,0.4
AMD,XGB + Adaptive LR,0.5732383367332926,1.4087915166155633,0.492063492063492,0.1309807201402347,-0.3045055916708467,2,5,0.4
AMD,XGB + All Enhancements,0.5732383367332926,1.4087915166155633,0.492063492063492,0.1309807201402347,-0.3045055916708467,2,5,0.4
AMD,RF_Baseline,-0.29734335417015134,0.46089285737721225,0.5,-0.13420594375035305,-0.3459746007291453,1,5,0.2
AMD,RF + ElasticNet + Scaler,-0.14200509318997584,0.6004175307558551,0.5,-0.09983442889472512,-0.3437859760473387,3,5,0.6
